{"cameraMode":{"drawMode":0,"name":"Shaded","section":"Shading Mode"},"sceneLighting":true,"audioPlay":false,"sceneViewState":{"m_AlwaysRefresh":true,"showFog":true,"showSkybox":true,"showFlares":true,"showImageEffects":true,"showParticleSystems":true,"showVisualEffectGraphs":true,"m_FxEnabled":true},"in2DMode":false,"pivot":{"x":76.02861785888672,"y":1.927833914756775,"z":65.53910064697266},"rotation":{"x":-0.30182042717933657,"y":-0.11659106612205506,"z":0.037218984216451648,"w":-0.9454780220985413},"size":20.902307510375978,"orthographic":false}