{"cameraMode":{"drawMode":0,"name":"Shaded","section":"Shading Mode"},"sceneLighting":true,"audioPlay":false,"sceneViewState":{"m_AlwaysRefresh":true,"showFog":true,"showSkybox":true,"showFlares":true,"showImageEffects":true,"showParticleSystems":true,"showVisualEffectGraphs":true,"m_FxEnabled":true},"in2DMode":false,"pivot":{"x":-1.9639413356781006,"y":1.8923611640930176,"z":-0.2006378173828125},"rotation":{"x":-0.1270759552717209,"y":-0.839678168296814,"z":0.22292229533195496,"w":-0.47865182161331179},"size":3.8016350269317629,"orthographic":false}